group,case,M,model,op,calls,total_ms
sub2gib,small-silu,128,fused,MoE,35,364.024
sub2gib,small-silu,128,expanded,GroupedMatMul,70,319.737
sub2gib,small-silu,128,expanded,Reshape,105,5.957
sub2gib,small-silu,128,expanded,ReduceSum,70,5.736
sub2gib,small-silu,128,expanded,QuickGelu,35,5.485
sub2gib,small-silu,128,expanded,Mul,35,3.42
sub2gib,small-silu,128,expanded,TopK,35,2.845
sub2gib,small-silu,128,expanded,Softmax,35,2.43
sub2gib,small-silu,128,expanded,Div,35,2.309
sub2gib,small-silu,128,expanded,Unsqueeze,35,1.788
sub2gib,small-silu-bias,128,fused,MoE,35,522.006
sub2gib,small-silu-bias,128,expanded,GroupedMatMul,70,298.841
sub2gib,small-silu-bias,128,expanded,QuickGelu,35,5.229
sub2gib,small-silu-bias,128,expanded,Reshape,105,4.603
sub2gib,small-silu-bias,128,expanded,ReduceSum,70,4.555
sub2gib,small-silu-bias,128,expanded,Mul,35,2.809
sub2gib,small-silu-bias,128,expanded,TopK,35,2.224
sub2gib,small-silu-bias,128,expanded,Softmax,35,1.941
sub2gib,small-silu-bias,128,expanded,Div,35,1.824
sub2gib,small-silu-bias,128,expanded,Unsqueeze,35,1.427
sub2gib,small-swiglu,128,fused,MoE,35,704.272
sub2gib,small-swiglu,128,expanded,GroupedMatMul,70,414.233
sub2gib,small-swiglu,128,expanded,Split,35,9.202
sub2gib,small-swiglu,128,expanded,Mul,70,6.212
sub2gib,small-swiglu,128,expanded,Reshape,140,6.049
sub2gib,small-swiglu,128,expanded,ReduceSum,70,4.386
sub2gib,small-swiglu,128,expanded,QuickGelu,35,3.951
sub2gib,small-swiglu,128,expanded,Squeeze,70,3.132
sub2gib,small-swiglu,128,expanded,TopK,35,2.229
sub2gib,small-swiglu,128,expanded,Softmax,35,1.832
sub2gib,small-swiglu,128,expanded,Div,35,1.75
sub2gib,small-swiglu,128,expanded,Unsqueeze,35,1.393
sub2gib,small-gelu,128,fused,MoE,35,594.993
sub2gib,small-gelu,128,expanded,GroupedMatMul,70,309.384
sub2gib,small-gelu,128,expanded,Mul,245,26.347
sub2gib,small-gelu,128,expanded,Add,70,5.838
sub2gib,small-gelu,128,expanded,Tanh,35,4.562
sub2gib,small-gelu,128,expanded,ReduceSum,70,4.552
sub2gib,small-gelu,128,expanded,Reshape,105,4.345
sub2gib,small-gelu,128,expanded,TopK,35,2.167
sub2gib,small-gelu,128,expanded,Softmax,35,1.881
sub2gib,small-gelu,128,expanded,Div,35,1.776
sub2gib,small-gelu,128,expanded,Unsqueeze,35,1.366
sub2gib,prefill-silu,512,fused,MoE,35,5535.37
sub2gib,prefill-silu,512,expanded,GroupedMatMul,70,3268.126
sub2gib,prefill-silu,512,expanded,QuickGelu,35,36.727
sub2gib,prefill-silu,512,expanded,Mul,35,13.535
sub2gib,prefill-silu,512,expanded,ReduceSum,70,11.095
sub2gib,prefill-silu,512,expanded,Reshape,105,5.032
sub2gib,prefill-silu,512,expanded,TopK,35,3.686
sub2gib,prefill-silu,512,expanded,Softmax,35,3.056
sub2gib,prefill-silu,512,expanded,Div,35,2.396
sub2gib,prefill-silu,512,expanded,Unsqueeze,35,1.415
sub2gib,prefill-swiglu,512,fused,MoE,35,7817.744
sub2gib,prefill-swiglu,512,expanded,GroupedMatMul,70,5219.781
sub2gib,prefill-swiglu,512,expanded,Split,35,98.792
sub2gib,prefill-swiglu,512,expanded,Mul,70,62.002
sub2gib,prefill-swiglu,512,expanded,QuickGelu,35,36.433
sub2gib,prefill-swiglu,512,expanded,ReduceSum,70,11.373
sub2gib,prefill-swiglu,512,expanded,Reshape,140,6.722
sub2gib,prefill-swiglu,512,expanded,TopK,35,3.934
sub2gib,prefill-swiglu,512,expanded,Squeeze,70,3.294
sub2gib,prefill-swiglu,512,expanded,Softmax,35,3.192
sub2gib,prefill-swiglu,512,expanded,Div,35,2.571
sub2gib,prefill-swiglu,512,expanded,Unsqueeze,35,1.472
sub2gib,prefill-gelu,512,fused,MoE,35,6020.718
sub2gib,prefill-gelu,512,expanded,GroupedMatMul,70,3120.035
sub2gib,prefill-gelu,512,expanded,Mul,245,245.722
sub2gib,prefill-gelu,512,expanded,Add,70,78.909
sub2gib,prefill-gelu,512,expanded,Tanh,35,21.366
sub2gib,prefill-gelu,512,expanded,ReduceSum,70,10.832
sub2gib,prefill-gelu,512,expanded,Reshape,105,4.55
sub2gib,prefill-gelu,512,expanded,TopK,35,3.615
sub2gib,prefill-gelu,512,expanded,Softmax,35,2.961
sub2gib,prefill-gelu,512,expanded,Div,35,2.422
sub2gib,prefill-gelu,512,expanded,Unsqueeze,35,1.382
sub2gib,deepseek-many-silu,512,fused,MoE,35,2787.032
sub2gib,deepseek-many-silu,512,expanded,GroupedMatMul,70,1986.915
sub2gib,deepseek-many-silu,512,expanded,QuickGelu,35,27.271
sub2gib,deepseek-many-silu,512,expanded,Mul,35,19.052
sub2gib,deepseek-many-silu,512,expanded,TopK,35,16.382
sub2gib,deepseek-many-silu,512,expanded,ReduceSum,70,13.307
sub2gib,deepseek-many-silu,512,expanded,Reshape,105,5.16
sub2gib,deepseek-many-silu,512,expanded,Softmax,35,3.373
sub2gib,deepseek-many-silu,512,expanded,Div,35,2.602
sub2gib,deepseek-many-silu,512,expanded,Unsqueeze,35,1.489
sub2gib,large-tokens-swiglu,2048,fused,MoE,35,7349.833
sub2gib,large-tokens-swiglu,2048,expanded,GroupedMatMul,70,3748.31
sub2gib,large-tokens-swiglu,2048,expanded,Split,35,141.929
sub2gib,large-tokens-swiglu,2048,expanded,Mul,70,95.43
sub2gib,large-tokens-swiglu,2048,expanded,QuickGelu,35,53.374
sub2gib,large-tokens-swiglu,2048,expanded,ReduceSum,70,17.852
sub2gib,large-tokens-swiglu,2048,expanded,TopK,35,10.067
sub2gib,large-tokens-swiglu,2048,expanded,Reshape,140,6.949
sub2gib,large-tokens-swiglu,2048,expanded,Div,35,5.501
sub2gib,large-tokens-swiglu,2048,expanded,Softmax,35,4.162
sub2gib,large-tokens-swiglu,2048,expanded,Squeeze,70,3.381
sub2gib,large-tokens-swiglu,2048,expanded,Unsqueeze,35,1.472
sub2gib,prefill-4k-silu,4096,fused,MoE,35,39642.372
sub2gib,prefill-4k-silu,4096,expanded,GroupedMatMul,70,21529.929
sub2gib,prefill-4k-silu,4096,expanded,QuickGelu,35,303.762
sub2gib,prefill-4k-silu,4096,expanded,Mul,35,106.486
sub2gib,prefill-4k-silu,4096,expanded,ReduceSum,70,73.299
sub2gib,prefill-4k-silu,4096,expanded,TopK,35,19.232
sub2gib,prefill-4k-silu,4096,expanded,Div,35,8.599
sub2gib,prefill-4k-silu,4096,expanded,Softmax,35,5.726
sub2gib,prefill-4k-silu,4096,expanded,Reshape,105,4.931
sub2gib,prefill-4k-silu,4096,expanded,Unsqueeze,35,1.329
sub2gib,prefill-8k-silu,8192,fused,MoE,35,83413.058
sub2gib,prefill-8k-silu,8192,expanded,GroupedMatMul,70,44960.936
sub2gib,prefill-8k-silu,8192,expanded,QuickGelu,35,632.966
sub2gib,prefill-8k-silu,8192,expanded,Mul,35,209.648
sub2gib,prefill-8k-silu,8192,expanded,ReduceSum,70,141.387
sub2gib,prefill-8k-silu,8192,expanded,TopK,35,33.581
sub2gib,prefill-8k-silu,8192,expanded,Div,35,14.786
sub2gib,prefill-8k-silu,8192,expanded,Softmax,35,6.543
sub2gib,prefill-8k-silu,8192,expanded,Reshape,105,4.619
sub2gib,prefill-8k-silu,8192,expanded,Unsqueeze,35,1.241
large,decode-silu,1,fused,MoE,35,3059.507
large,decode-silu,1,expanded,GroupedMatMul,70,884.735
large,decode-silu,1,expanded,Reshape,105,4.524
large,decode-silu,1,expanded,ReduceSum,70,4.251
large,decode-silu,1,expanded,QuickGelu,35,2.475
large,decode-silu,1,expanded,Softmax,35,1.742
large,decode-silu,1,expanded,Mul,35,1.698
large,decode-silu,1,expanded,TopK,35,1.583
large,decode-silu,1,expanded,Div,35,1.42
large,decode-silu,1,expanded,Unsqueeze,35,1.357
large,decode-swiglu,1,fused,MoE,35,4753.31
large,decode-swiglu,1,expanded,GroupedMatMul,70,1201.113
large,decode-swiglu,1,expanded,Reshape,140,6.471
large,decode-swiglu,1,expanded,ReduceSum,70,4.497
large,decode-swiglu,1,expanded,Mul,70,3.839
large,decode-swiglu,1,expanded,Split,35,3.266
large,decode-swiglu,1,expanded,Squeeze,70,2.853
large,decode-swiglu,1,expanded,QuickGelu,35,2.314
large,decode-swiglu,1,expanded,Softmax,35,1.961
large,decode-swiglu,1,expanded,TopK,35,1.827
large,decode-swiglu,1,expanded,Unsqueeze,35,1.645
large,decode-swiglu,1,expanded,Div,35,1.616
large,decode-batch8-silu,8,fused,MoE,35,4672.074
large,decode-batch8-silu,8,expanded,GroupedMatMul,70,4624.219
large,decode-batch8-silu,8,expanded,Reshape,105,4.905
large,decode-batch8-silu,8,expanded,ReduceSum,70,4.687
large,decode-batch8-silu,8,expanded,QuickGelu,35,4.103
large,decode-batch8-silu,8,expanded,Mul,35,3.095
large,decode-batch8-silu,8,expanded,Softmax,35,1.819
large,decode-batch8-silu,8,expanded,TopK,35,1.742
large,decode-batch8-silu,8,expanded,Div,35,1.575
large,decode-batch8-silu,8,expanded,Unsqueeze,35,1.358
large,decode-batch32-silu,32,fused,MoE,35,5596.052
large,decode-batch32-silu,32,expanded,GroupedMatMul,70,5560.938
large,decode-batch32-silu,32,expanded,QuickGelu,35,7.979
large,decode-batch32-silu,32,expanded,Reshape,105,5.304
large,decode-batch32-silu,32,expanded,ReduceSum,70,5.086
large,decode-batch32-silu,32,expanded,Mul,35,3.258
large,decode-batch32-silu,32,expanded,Softmax,35,2.174
large,decode-batch32-silu,32,expanded,TopK,35,2.087
large,decode-batch32-silu,32,expanded,Div,35,1.742
large,decode-batch32-silu,32,expanded,Unsqueeze,35,1.678
large,mixtral-silu,1024,fused,MoE,35,48702.332
large,mixtral-silu,1024,expanded,GroupedMatMul,70,29823.334
large,mixtral-silu,1024,expanded,QuickGelu,35,190.888
large,mixtral-silu,1024,expanded,Mul,35,51.94
large,mixtral-silu,1024,expanded,ReduceSum,70,35.108
large,mixtral-silu,1024,expanded,TopK,35,6.473
large,mixtral-silu,1024,expanded,Reshape,105,5.014
large,mixtral-silu,1024,expanded,Softmax,35,4.323
large,mixtral-silu,1024,expanded,Div,35,3.81
large,mixtral-silu,1024,expanded,Unsqueeze,35,1.596
large,mixtral-swiglu,1024,fused,MoE,35,72821.999
large,mixtral-swiglu,1024,expanded,GroupedMatMul,70,44501.936
large,mixtral-swiglu,1024,expanded,Split,35,494.709
large,mixtral-swiglu,1024,expanded,Mul,70,304.112
large,mixtral-swiglu,1024,expanded,QuickGelu,35,184.412
large,mixtral-swiglu,1024,expanded,ReduceSum,70,35.628
large,mixtral-swiglu,1024,expanded,Reshape,140,6.414
large,mixtral-swiglu,1024,expanded,TopK,35,5.781
large,mixtral-swiglu,1024,expanded,Softmax,35,3.862
large,mixtral-swiglu,1024,expanded,Div,35,3.386
large,mixtral-swiglu,1024,expanded,Squeeze,70,3.247
large,mixtral-swiglu,1024,expanded,Unsqueeze,35,1.393
large,switch-top1-silu,1024,fused,MoE,35,4360.832
large,switch-top1-silu,1024,expanded,GroupedMatMul,70,5365.206
large,switch-top1-silu,1024,expanded,QuickGelu,35,20.441
large,switch-top1-silu,1024,expanded,TopK,35,7.981
large,switch-top1-silu,1024,expanded,ReduceSum,70,7.407
large,switch-top1-silu,1024,expanded,Mul,35,5.805
large,switch-top1-silu,1024,expanded,Reshape,105,5.153
large,switch-top1-silu,1024,expanded,Softmax,35,3.9
large,switch-top1-silu,1024,expanded,Div,35,1.69
large,switch-top1-silu,1024,expanded,Unsqueeze,35,1.415
